stock_id,stock_name,industry,sub_sector,source,confidence
2324,仁寶,電腦及週邊設備,AI Server,manual_override,high
2356,英業達,電腦及週邊設備,AI Server,manual_override,high
2377,微星,電腦及週邊設備,AI Server,manual_override,high
2382,廣達,電腦及週邊設備,AI Server,manual_override,high
3231,緯創,電腦及週邊設備,AI Server,manual_override,high
3515,華擎,電腦及週邊設備,AI Server,manual_override,high
3706,神達,電腦及週邊設備,AI Server,manual_override,high
4938,和碩,電腦及週邊設備,AI Server,manual_override,high
6669,緯穎,電腦及週邊設備,AI Server,manual_override,high
2383,台光電,電子零組件,CCL,manual_override,high
4746,台耀,生技醫療,CCL,manual_override,high
6213,聯茂,電子零組件,CCL,manual_override,high
6672,騰輝電子-KY,電子零組件,CCL,manual_override,high
8215,明基材,光電業,CCL,manual_override,high
2317,鴻海,其他電子業,EMS,manual_override,high
2379,瑞昱,半導體業,IC設計,manual_override,high
2454,聯發科,半導體業,IC設計,manual_override,high
3034,聯詠,半導體業,IC設計,manual_override,high
3035,智原,半導體業,IC設計,manual_override,high
3443,創意,半導體業,IC設計,manual_override,high
3661,世芯-KY,半導體業,IC設計,manual_override,high
4961,天鈺,半導體業,IC設計,manual_override,high
2395,研華,電腦及週邊設備,IPC工業電腦,manual_override,high
2397,友通,電腦及週邊設備,IPC工業電腦,manual_override,high
3022,威強電,電腦及週邊設備,IPC工業電腦,manual_override,high
3416,融程電,電腦及週邊設備,IPC工業電腦,manual_override,high
2393,億光,光電業,LED,manual_override,high
2486,一詮,光電業,LED,manual_override,high
3591,艾笛森,光電業,LED,manual_override,high
4956,光鋐,光電業,LED,manual_override,high
2327,國巨*,電子零組件,MLCC,manual_override,high
2375,凱美,電子零組件,MLCC,manual_override,high
2492,華新科,電子零組件,MLCC,manual_override,high
3026,禾伸堂,電子零組件,MLCC,manual_override,high
2305,全友,電腦及週邊設備,NB/PC,manual_override,high
2331,精英,電腦及週邊設備,NB/PC,manual_override,high
2353,宏碁,電腦及週邊設備,NB/PC,manual_override,high
2362,藍天,電腦及週邊設備,NB/PC,manual_override,high
2364,倫飛,電腦及週邊設備,NB/PC,manual_override,high
2365,昆盈,電腦及週邊設備,NB/PC,manual_override,high
2380,虹光,電腦及週邊設備,NB/PC,manual_override,high
2387,精元,電腦及週邊設備,NB/PC,manual_override,high
2399,映泰,電腦及週邊設備,NB/PC,manual_override,high
2405,輔信,電腦及週邊設備,NB/PC,manual_override,high
2417,圓剛,電腦及週邊設備,NB/PC,manual_override,high
2425,承啟,電腦及週邊設備,NB/PC,manual_override,high
2432,倚天酷碁-創,電腦及週邊設備,NB/PC,manual_override,high
2465,麗臺,電腦及週邊設備,NB/PC,manual_override,high
2495,普安,電腦及週邊設備,NB/PC,manual_override,high
3002,歐格,電腦及週邊設備,NB/PC,manual_override,high
3005,神基,電腦及週邊設備,NB/PC,manual_override,high
3013,晟銘電,電腦及週邊設備,NB/PC,manual_override,high
3046,建碁,電腦及週邊設備,NB/PC,manual_override,high
3057,喬鼎,電腦及週邊設備,NB/PC,manual_override,high
3060,銘異,電腦及週邊設備,NB/PC,manual_override,high
3494,誠研,電腦及週邊設備,NB/PC,manual_override,high
3652,精聯,電腦及週邊設備,NB/PC,manual_override,high
3701,大眾控,電腦及週邊設備,NB/PC,manual_override,high
3712,永崴投控,電腦及週邊設備,NB/PC,manual_override,high
4916,事欣科,電腦及週邊設備,NB/PC,manual_override,high
5215,科嘉-KY,電腦及週邊設備,NB/PC,manual_override,high
5258,虹堡,電腦及週邊設備,NB/PC,manual_override,high
6117,迎廣,電腦及週邊設備,NB/PC,manual_override,high
6128,上福,電腦及週邊設備,NB/PC,manual_override,high
6166,凌華,電腦及週邊設備,NB/PC,manual_override,high
6206,飛捷,電腦及週邊設備,NB/PC,manual_override,high
6235,華孚,電腦及週邊設備,NB/PC,manual_override,high
6277,宏正,電腦及週邊設備,NB/PC,manual_override,high
6579,研揚,電腦及週邊設備,NB/PC,manual_override,high
6591,動力-KY,電腦及週邊設備,NB/PC,manual_override,high
6831,邁科,電腦及週邊設備,NB/PC,manual_override,high
6908,宏碁遊戲-創,電子通路業,NB/PC,manual_override,high
6928,攸泰科技,電腦及週邊設備,NB/PC,manual_override,high
6933,AMAX-KY,電腦及週邊設備,NB/PC,manual_override,high
7711,永擎,電腦及週邊設備,NB/PC,manual_override,high
8114,振樺電,電腦及週邊設備,NB/PC,manual_override,high
8210,勤誠,電腦及週邊設備,NB/PC,manual_override,high
9912,偉聯,電腦及週邊設備,NB/PC,manual_override,high
2313,華通,電子零組件,PCB,manual_override,high
2316,楠梓電,電子零組件,PCB,manual_override,high
2367,燿華,電子零組件,PCB,manual_override,high
3044,健鼎,電子零組件,PCB,manual_override,high
3189,景碩,半導體業,PCB,manual_override,high
3715,定穎投控,電子零組件,PCB,manual_override,high
4958,臻鼎-KY,電子零組件,PCB,manual_override,high
2357,華碩,電腦及週邊設備,主機板,manual_override,high
2376,技嘉,電腦及週邊設備,主機板,manual_override,high
6414,樺漢,電腦及週邊設備,伺服器管理晶片,manual_override,high
3450,聯鈞,半導體業,光通訊/CPO,manual_override,high
6442,光聖,通信網路業,光通訊/CPO,manual_override,high
2302,麗正,半導體業,其他電子,manual_override,high
2312,金寶,其他電子業,其他電子,manual_override,high
2329,華泰,半導體業,其他電子,manual_override,high
2338,光罩,半導體業,其他電子,manual_override,high
2340,台亞,半導體業,其他電子,manual_override,high
2351,順德,半導體業,其他電子,manual_override,high
2359,所羅門,其他電子業,其他電子,manual_override,high
2363,矽統,半導體業,其他電子,manual_override,high
2369,菱生,半導體業,其他電子,manual_override,high
2373,震旦行,其他電子業,其他電子,manual_override,high
2388,威盛,半導體業,其他電子,manual_override,high
2390,云辰,其他電子業,其他電子,manual_override,high
2401,凌陽,半導體業,其他電子,manual_override,high
2404,漢唐,其他電子業,其他電子,manual_override,high
2423,固緯,其他電子業,其他電子,manual_override,high
2433,互盛電,其他電子業,其他電子,manual_override,high
2434,統懋,半導體業,其他電子,manual_override,high
2436,偉詮電,半導體業,其他電子,manual_override,high
2441,超豐,半導體業,其他電子,manual_override,high
2451,創見,半導體業,其他電子,manual_override,high
2458,義隆,半導體業,其他電子,manual_override,high
2459,敦吉,其他電子業,其他電子,manual_override,high
2461,光群雷,其他電子業,其他電子,manual_override,high
2464,盟立,其他電子業,其他電子,manual_override,high
2477,美隆電,其他電子業,其他電子,manual_override,high
2481,強茂,半導體業,其他電子,manual_override,high
2482,連宇,其他電子業,其他電子,manual_override,high
2488,漢平,其他電子業,其他電子,manual_override,high
3006,晶豪科,半導體業,其他電子,manual_override,high
3014,聯陽,半導體業,其他電子,manual_override,high
3016,嘉晶,半導體業,其他電子,manual_override,high
3030,德律,其他電子業,其他電子,manual_override,high
3041,揚智,半導體業,其他電子,manual_override,high
3043,科風,其他電子業,其他電子,manual_override,high
3094,聯傑,半導體業,其他電子,manual_override,high
3135,凌航,半導體業,其他電子,manual_override,high
3150,鈺寶-創,半導體業,其他電子,manual_override,high
3257,虹冠電,半導體業,其他電子,manual_override,high
3305,昇貿,其他電子業,其他電子,manual_override,high
3518,柏騰,其他電子業,其他電子,manual_override,high
3530,晶相光,半導體業,其他電子,manual_override,high
3532,台勝科,半導體業,其他電子,manual_override,high
3545,敦泰,半導體業,其他電子,manual_override,high
3588,通嘉,半導體業,其他電子,manual_override,high
3592,瑞鼎,半導體業,其他電子,manual_override,high
3617,碩天,其他電子業,其他電子,manual_override,high
3665,貿聯-KY,其他電子業,其他電子,manual_override,high
3686,達能,半導體業,其他電子,manual_override,high
4585,達明,其他電子業,其他電子,manual_override,high
4588,玖鼎電力,其他電子業,其他電子,manual_override,high
4919,新唐,半導體業,其他電子,manual_override,high
4952,凌通,半導體業,其他電子,manual_override,high
4968,立積,半導體業,其他電子,manual_override,high
5222,全訊,半導體業,其他電子,manual_override,high
5225,東科-KY,其他電子業,其他電子,manual_override,high
5269,祥碩,半導體業,其他電子,manual_override,high
5285,界霖,半導體業,其他電子,manual_override,high
5471,松翰,半導體業,其他電子,manual_override,high
6139,亞翔,其他電子業,其他電子,manual_override,high
6192,巨路,其他電子業,其他電子,manual_override,high
6201,亞弘電,其他電子業,其他電子,manual_override,high
6202,盛群,半導體業,其他電子,manual_override,high
6215,和椿,其他電子業,其他電子,manual_override,high
6239,力成,半導體業,其他電子,manual_override,high
6243,迅杰,半導體業,其他電子,manual_override,high
6271,同欣電,半導體業,其他電子,manual_override,high
6283,淳安,其他電子業,其他電子,manual_override,high
6409,旭隼,其他電子業,其他電子,manual_override,high
6415,矽力*-KY,半導體業,其他電子,manual_override,high
6438,迅得,其他電子業,其他電子,manual_override,high
6451,訊芯-KY,半導體業,其他電子,manual_override,high
6515,穎崴,半導體業,其他電子,manual_override,high
6525,捷敏-KY,半導體業,其他電子,manual_override,high
6526,達發,半導體業,其他電子,manual_override,high
6531,愛普*,半導體業,其他電子,manual_override,high
6533,晶心科,半導體業,其他電子,manual_override,high
6552,易華電,半導體業,其他電子,manual_override,high
6558,興能高,其他電子業,其他電子,manual_override,high
6573,虹揚-KY,半導體業,其他電子,manual_override,high
6658,聯策,其他電子業,其他電子,manual_override,high
6691,洋基工程,其他電子業,其他電子,manual_override,high
6695,芯鼎,半導體業,其他電子,manual_override,high
6719,力智,半導體業,其他電子,manual_override,high
6722,輝創,其他電子業,其他電子,manual_override,high
6743,安普新,其他電子業,其他電子,manual_override,high
6756,威鋒電子,半導體業,其他電子,manual_override,high
6799,來頡,半導體業,其他電子,manual_override,high
6830,汎銓,其他電子業,其他電子,manual_override,high
6854,錼創科技-KY創,半導體業,其他電子,manual_override,high
6909,創控,半導體業,其他電子,manual_override,high
6921,嘉雨思-創,半導體業,其他電子,manual_override,high
6937,天虹,半導體業,其他電子,manual_override,high
6962,奕力-KY,半導體業,其他電子,manual_override,high
7631,聚賢研發-創,其他電子業,其他電子,manual_override,high
7730,暉盛-創,半導體業,其他電子,manual_override,high
7749,意騰-KY,半導體業,其他電子,manual_override,high
7768,頌勝科技,半導體業,其他電子,manual_override,high
7769,鴻勁,半導體業,其他電子,manual_override,high
7822,倍利科,半導體業,其他電子,manual_override,high
8016,矽創,半導體業,其他電子,manual_override,high
8021,尖點,其他電子業,其他電子,manual_override,high
8028,昇陽半導體,半導體業,其他電子,manual_override,high
8081,致新,半導體業,其他電子,manual_override,high
8110,華東,半導體業,其他電子,manual_override,high
8131,福懋科,半導體業,其他電子,manual_override,high
8162,微矽電子-創,半導體業,其他電子,manual_override,high
8201,無敵,其他電子業,其他電子,manual_override,high
8261,富鼎,半導體業,其他電子,manual_override,high
8499,鼎炫-KY,其他電子業,其他電子,manual_override,high
3413,京鼎,半導體業,半導體設備材料,manual_override,high
3583,辛耘,半導體業,半導體設備材料,manual_override,high
6196,帆宣,其他電子業,半導體設備材料,manual_override,high
6698,旭暉應材,其他電子業,半導體設備材料,manual_override,high
1301,台塑,塑膠工業,塑化,manual_override,high
1303,南亞,塑膠工業,塑化,manual_override,high
1304,台聚,塑膠工業,塑化,manual_override,high
1305,華夏,塑膠工業,塑化,manual_override,high
1307,三芳,塑膠工業,塑化,manual_override,high
1308,亞聚,塑膠工業,塑化,manual_override,high
1309,台達化,塑膠工業,塑化,manual_override,high
1310,台苯,塑膠工業,塑化,manual_override,high
1312,國喬,塑膠工業,塑化,manual_override,high
1313,聯成,塑膠工業,塑化,manual_override,high
1314,中石化,塑膠工業,塑化,manual_override,high
1315,達新,塑膠工業,塑化,manual_override,high
1321,大洋,塑膠工業,塑化,manual_override,high
1323,永裕,塑膠工業,塑化,manual_override,high
1324,地球,塑膠工業,塑化,manual_override,high
1325,恆大,塑膠工業,塑化,manual_override,high
1326,台化,塑膠工業,塑化,manual_override,high
1340,勝悅-KY,塑膠工業,塑化,manual_override,high
1341,富林-KY,塑膠工業,塑化,manual_override,high
1476,儒鴻,紡織纖維,塑化,manual_override,high
1708,東鹼,化學工業,塑化,manual_override,high
1709,和益,化學工業,塑化,manual_override,high
1710,東聯,化學工業,塑化,manual_override,high
1711,永光,化學工業,塑化,manual_override,high
1712,興農,化學工業,塑化,manual_override,high
1713,國化,化學工業,塑化,manual_override,high
1714,和桐,化學工業,塑化,manual_override,high
1717,長興,化學工業,塑化,manual_override,high
1718,中纖,化學工業,塑化,manual_override,high
1721,三晃,化學工業,塑化,manual_override,high
1722,台肥,化學工業,塑化,manual_override,high
1723,中碳,化學工業,塑化,manual_override,high
1725,元禎,化學工業,塑化,manual_override,high
1726,永記,化學工業,塑化,manual_override,high
1727,中華化,化學工業,塑化,manual_override,high
1730,花仙子,化學工業,塑化,manual_override,high
1732,毛寶,化學工業,塑化,manual_override,high
1735,日勝化,化學工業,塑化,manual_override,high
1773,勝一,化學工業,塑化,manual_override,high
1776,展宇,化學工業,塑化,manual_override,high
4306,炎洲,塑膠工業,塑化,manual_override,high
4720,德淵,化學工業,塑化,manual_override,high
4722,國精化,化學工業,塑化,manual_override,high
4739,康普,化學工業,塑化,manual_override,high
4755,三福化,化學工業,塑化,manual_override,high
4763,材料*-KY,化學工業,塑化,manual_override,high
4764,雙鍵,化學工業,塑化,manual_override,high
4766,南寶,化學工業,塑化,manual_override,high
4770,上品,化學工業,塑化,manual_override,high
6505,台塑化,油電燃氣,塑化,manual_override,high
2368,金像電,電子零組件,封裝測試,manual_override,high
2449,京元電子,半導體業,封裝測試,manual_override,high
3037,欣興,電子零組件,封裝測試,manual_override,high
3711,日月光投控,半導體業,封裝測試,manual_override,high
6257,矽格,半導體業,封裝測試,manual_override,high
6789,采鈺,半導體業,封裝測試,manual_override,high
8150,南茂,半導體業,封裝測試,manual_override,high
2360,致茂,其他電子業,工業電腦,manual_override,high
1436,華友聯,建材營造,建設營造,manual_override,high
1438,三地開發,建材營造,建設營造,manual_override,high
1439,雋揚,建材營造,建設營造,manual_override,high
1442,名軒,建材營造,建設營造,manual_override,high
1453,大將,建材營造,建設營造,manual_override,high
1456,怡華,建材營造,建設營造,manual_override,high
1472,三洋實業,建材營造,建設營造,manual_override,high
1805,寶徠,建材營造,建設營造,manual_override,high
1808,潤隆,建材營造,建設營造,manual_override,high
2442,新美齊,建材營造,建設營造,manual_override,high
2501,國建,建材營造,建設營造,manual_override,high
2504,國產,建材營造,建設營造,manual_override,high
2505,國揚,建材營造,建設營造,manual_override,high
2506,太設,建材營造,建設營造,manual_override,high
2509,全坤建,建材營造,建設營造,manual_override,high
2511,太子,建材營造,建設營造,manual_override,high
2515,中工,建材營造,建設營造,manual_override,high
2516,新建,建材營造,建設營造,manual_override,high
2520,冠德,建材營造,建設營造,manual_override,high
2524,京城,建材營造,建設營造,manual_override,high
2527,宏璟,建材營造,建設營造,manual_override,high
2528,皇普,建材營造,建設營造,manual_override,high
2530,華建,建材營造,建設營造,manual_override,high
2534,宏盛,建材營造,建設營造,manual_override,high
2535,達欣工,建材營造,建設營造,manual_override,high
2536,宏普,建材營造,建設營造,manual_override,high
2537,聯上發,建材營造,建設營造,manual_override,high
2538,基泰,建材營造,建設營造,manual_override,high
2539,櫻花建,建材營造,建設營造,manual_override,high
2540,愛山林,建材營造,建設營造,manual_override,high
2542,興富發,建材營造,建設營造,manual_override,high
2543,皇昌,建材營造,建設營造,manual_override,high
2545,皇翔,建材營造,建設營造,manual_override,high
2546,根基,建材營造,建設營造,manual_override,high
2547,日勝生,建材營造,建設營造,manual_override,high
2548,華固,建材營造,建設營造,manual_override,high
2597,潤弘,建材營造,建設營造,manual_override,high
2712,遠雄來,觀光餐旅,建設營造,manual_override,high
2915,潤泰全,貿易百貨,建設營造,manual_override,high
2923,鼎固-KY,建材營造,建設營造,manual_override,high
3052,夆典,建材營造,建設營造,manual_override,high
3056,富華新,建材營造,建設營造,manual_override,high
3266,昇陽,建材營造,建設營造,manual_override,high
3703,欣陸,建材營造,建設營造,manual_override,high
5515,建國,建材營造,建設營造,manual_override,high
5519,隆大,建材營造,建設營造,manual_override,high
5521,工信,建材營造,建設營造,manual_override,high
5522,遠雄,建材營造,建設營造,manual_override,high
5525,順天,建材營造,建設營造,manual_override,high
5531,鄉林,建材營造,建設營造,manual_override,high
5533,皇鼎,建材營造,建設營造,manual_override,high
5534,長虹,建材營造,建設營造,manual_override,high
5546,永固-KY,建材營造,建設營造,manual_override,high
5607,遠雄港,航運業,建設營造,manual_override,high
6177,達麗,建材營造,建設營造,manual_override,high
8463,潤泰材,其他,建設營造,manual_override,high
9906,欣巴巴,建材營造,建設營造,manual_override,high
9945,潤泰新,其他,建設營造,manual_override,high
9946,三發地產,建材營造,建設營造,manual_override,high
2421,建準,電子零組件,散熱,manual_override,high
3017,奇鋐,電腦及週邊設備,散熱,manual_override,high
3338,泰碩,電子零組件,散熱,manual_override,high
3653,健策,電子零組件,散熱,manual_override,high
6230,尼得科超眾,電腦及週邊設備,散熱,manual_override,high
2303,聯電,半導體業,晶圓代工,manual_override,high
2330,台積電,半導體業,晶圓代工,manual_override,high
2342,茂矽,半導體業,晶圓代工,manual_override,high
2762,世界健身-KY,Unknown,晶圓代工,manual_override,high
6443,元晶,光電業,晶圓代工,manual_override,high
6770,力積電,半導體業,晶圓代工,manual_override,high
1319,東陽,汽車工業,未分類,manual_override,high
1338,廣華-KY,汽車工業,未分類,manual_override,high
1339,昭輝,汽車工業,未分類,manual_override,high
1342,八貫,其他,未分類,manual_override,high
1416,廣豐,其他,未分類,manual_override,high
1432,大魯閣,Unknown,未分類,manual_override,high
1437,勤益控,其他,未分類,manual_override,high
1443,立益物流,其他,未分類,manual_override,high
1506,正道,電機機械,未分類,manual_override,high
1512,瑞利,汽車工業,未分類,manual_override,high
1515,力山,電機機械,未分類,manual_override,high
1516,川飛,其他,未分類,manual_override,high
1517,利奇,電機機械,未分類,manual_override,high
1521,大億,汽車工業,未分類,manual_override,high
1522,堤維西,汽車工業,未分類,manual_override,high
1524,耿鼎,汽車工業,未分類,manual_override,high
1525,江申,汽車工業,未分類,manual_override,high
1526,日馳,電機機械,未分類,manual_override,high
1527,鑽全,電機機械,未分類,manual_override,high
1528,恩德,電機機械,未分類,manual_override,high
1530,亞崴,電機機械,未分類,manual_override,high
1531,高林股,電機機械,未分類,manual_override,high
1532,勤美,電機機械,未分類,manual_override,high
1535,中宇,電機機械,未分類,manual_override,high
1536,和大,汽車工業,未分類,manual_override,high
1537,廣隆,電機機械,未分類,manual_override,high
1538,正峰,電機機械,未分類,manual_override,high
1539,巨庭,電機機械,未分類,manual_override,high
1540,喬福,電機機械,未分類,manual_override,high
1541,錩泰,電機機械,未分類,manual_override,high
1558,伸興,電機機械,未分類,manual_override,high
1560,中砂,電機機械,未分類,manual_override,high
1563,巧新,汽車工業,未分類,manual_override,high
1568,倉佑,汽車工業,未分類,manual_override,high
1583,程泰,電機機械,未分類,manual_override,high
1587,吉茂,汽車工業,未分類,manual_override,high
1590,亞德客-KY,電機機械,未分類,manual_override,high
1597,直得,電機機械,未分類,manual_override,high
1598,岱宇,Unknown,未分類,manual_override,high
1603,華電,電器電纜,未分類,manual_override,high
1604,聲寶,電器電纜,未分類,manual_override,high
1605,華新,電器電纜,未分類,manual_override,high
1608,華榮,電器電纜,未分類,manual_override,high
1611,中電,電器電纜,未分類,manual_override,high
1612,宏泰,電器電纜,未分類,manual_override,high
1614,三洋電,電器電纜,未分類,manual_override,high
1615,大山,電器電纜,未分類,manual_override,high
1616,億泰,電器電纜,未分類,manual_override,high
1617,榮星,電器電纜,未分類,manual_override,high
1623,大東電,電器電纜,未分類,manual_override,high
1626,艾美特-KY,電器電纜,未分類,manual_override,high
1736,喬山,Unknown,未分類,manual_override,high
1802,台玻,玻璃陶瓷,未分類,manual_override,high
1806,冠軍,玻璃陶瓷,未分類,manual_override,high
1809,中釉,玻璃陶瓷,未分類,manual_override,high
1810,和成,玻璃陶瓷,未分類,manual_override,high
1817,凱撒衛,玻璃陶瓷,未分類,manual_override,high
1903,士紙,造紙工業,未分類,manual_override,high
1904,正隆,造紙工業,未分類,manual_override,high
1905,華紙,造紙工業,未分類,manual_override,high
1906,寶隆,造紙工業,未分類,manual_override,high
1909,榮成,造紙工業,未分類,manual_override,high
2049,上銀,電機機械,未分類,manual_override,high
2062,橋椿,Unknown,未分類,manual_override,high
2101,南港,橡膠工業,未分類,manual_override,high
2102,泰豐,橡膠工業,未分類,manual_override,high
2103,台橡,橡膠工業,未分類,manual_override,high
2104,國際中橡,橡膠工業,未分類,manual_override,high
2105,正新,橡膠工業,未分類,manual_override,high
2106,建大,橡膠工業,未分類,manual_override,high
2107,厚生,橡膠工業,未分類,manual_override,high
2108,南帝,橡膠工業,未分類,manual_override,high
2109,華豐,橡膠工業,未分類,manual_override,high
2114,鑫永銓,橡膠工業,未分類,manual_override,high
2115,六暉-KY,汽車工業,未分類,manual_override,high
2204,中華,汽車工業,未分類,manual_override,high
2206,三陽工業,汽車工業,未分類,manual_override,high
2228,劍麟,汽車工業,未分類,manual_override,high
2233,宇隆,汽車工業,未分類,manual_override,high
2236,百達-KY,汽車工業,未分類,manual_override,high
2239,英利-KY,汽車工業,未分類,manual_override,high
2241,艾姆勒,汽車工業,未分類,manual_override,high
2243,宏旭-KY,汽車工業,未分類,manual_override,high
2247,汎德永業,汽車工業,未分類,manual_override,high
2248,華勝-KY,汽車工業,未分類,manual_override,high
2250,IKKA-KY,汽車工業,未分類,manual_override,high
2254,巨鎧精密-創,汽車工業,未分類,manual_override,high
2258,鴻華先進-創,汽車工業,未分類,manual_override,high
2347,聯強,電子通路業,未分類,manual_override,high
2348,海悅,其他,未分類,manual_override,high
2371,大同,電機機械,未分類,manual_override,high
2414,精技,電子通路業,未分類,manual_override,high
2427,三商電,資訊服務業,未分類,manual_override,high
2430,燦坤,電子通路業,未分類,manual_override,high
2453,凌群,資訊服務業,未分類,manual_override,high
2468,華經,資訊服務業,未分類,manual_override,high
2471,資通,資訊服務業,未分類,manual_override,high
2480,敦陽科,資訊服務業,未分類,manual_override,high
2496,卓越,其他,未分類,manual_override,high
2497,怡利電,汽車工業,未分類,manual_override,high
2514,龍邦,其他,未分類,manual_override,high
2601,益航,貿易百貨,未分類,manual_override,high
2614,東森,其他,未分類,manual_override,high
2616,山隆,油電燃氣,未分類,manual_override,high
2901,欣欣,貿易百貨,未分類,manual_override,high
2903,遠百,貿易百貨,未分類,manual_override,high
2904,匯僑,其他,未分類,manual_override,high
2905,三商,貿易百貨,未分類,manual_override,high
2906,高林,貿易百貨,未分類,manual_override,high
2908,特力,貿易百貨,未分類,manual_override,high
2910,統領,貿易百貨,未分類,manual_override,high
2911,麗嬰房,貿易百貨,未分類,manual_override,high
2913,農林,貿易百貨,未分類,manual_override,high
2929,淘帝-KY,貿易百貨,未分類,manual_override,high
2939,永邑-KY,貿易百貨,未分類,manual_override,high
2945,三商家購,貿易百貨,未分類,manual_override,high
3010,華立,電子通路業,未分類,manual_override,high
3028,增你強,電子通路業,未分類,manual_override,high
3029,零壹,資訊服務業,未分類,manual_override,high
3033,威健,電子通路業,未分類,manual_override,high
3036,文曄,電子通路業,未分類,manual_override,high
3040,遠見,其他,未分類,manual_override,high
3048,益登,電子通路業,未分類,manual_override,high
3055,蔚華科,電子通路業,未分類,manual_override,high
3130,一零四,Unknown,未分類,manual_override,high
3167,大量,電機機械,未分類,manual_override,high
3209,全科,電子通路業,未分類,manual_override,high
3312,弘憶股,電子通路業,未分類,manual_override,high
3346,麗清,汽車工業,未分類,manual_override,high
3528,安馳,電子通路業,未分類,manual_override,high
3557,嘉威,Unknown,未分類,manual_override,high
3702,大聯大,電子通路業,未分類,manual_override,high
3708,上緯投控,Unknown,未分類,manual_override,high
3717,聯嘉投控,汽車工業,未分類,manual_override,high
4526,東台,電機機械,未分類,manual_override,high
4532,瑞智,電機機械,未分類,manual_override,high
4536,拓凱,Unknown,未分類,manual_override,high
4540,全球傳動,電機機械,未分類,manual_override,high
4551,智伸科,汽車工業,未分類,manual_override,high
4552,力達-KY,電機機械,未分類,manual_override,high
4555,氣立,電機機械,未分類,manual_override,high
4557,永新-KY,汽車工業,未分類,manual_override,high
4560,強信-KY,電機機械,未分類,manual_override,high
4562,穎漢,電機機械,未分類,manual_override,high
4564,元翎,電機機械,未分類,manual_override,high
4566,時碩工業,電機機械,未分類,manual_override,high
4569,六方科-KY,汽車工業,未分類,manual_override,high
4571,鈞興-KY,電機機械,未分類,manual_override,high
4572,駐龍,電機機械,未分類,manual_override,high
4576,大銀微系統,電機機械,未分類,manual_override,high
4581,光隆精密-KY,汽車工業,未分類,manual_override,high
4582,聚恆-創,Unknown,未分類,manual_override,high
4583,台灣精銳,電機機械,未分類,manual_override,high
4590,富田-創,電機機械,未分類,manual_override,high
4807,日成-KY,貿易百貨,未分類,manual_override,high
4930,燦星網,電器電纜,未分類,manual_override,high
4994,傳奇,資訊服務業,未分類,manual_override,high
5203,訊連,資訊服務業,未分類,manual_override,high
5283,禾聯碩,電器電纜,未分類,manual_override,high
5284,jpp-KY,其他,未分類,manual_override,high
5288,豐祥-KY,電機機械,未分類,manual_override,high
5292,華懋,Unknown,未分類,manual_override,high
5306,桂盟,Unknown,未分類,manual_override,high
5434,崇越,電子通路業,未分類,manual_override,high
5871,中租-KY,其他,未分類,manual_override,high
5906,台南-KY,貿易百貨,未分類,manual_override,high
5907,大洋-KY,貿易百貨,未分類,manual_override,high
6112,邁達特,資訊服務業,未分類,manual_override,high
6165,浪凡,Unknown,未分類,manual_override,high
6183,關貿,資訊服務業,未分類,manual_override,high
6184,大豐電,其他,未分類,manual_override,high
6189,豐藝,電子通路業,未分類,manual_override,high
6214,精誠,資訊服務業,未分類,manual_override,high
6281,全國電,電子通路業,未分類,manual_override,high
6464,台數科,其他,未分類,manual_override,high
6504,南六,其他,未分類,manual_override,high
6581,鋼聯,Unknown,未分類,manual_override,high
6582,申豐,橡膠工業,未分類,manual_override,high
6585,鼎基,其他,未分類,manual_override,high
6592,和潤企業,其他,未分類,manual_override,high
6605,帝寶,汽車工業,未分類,manual_override,high
6606,建德工業,電機機械,未分類,manual_override,high
6614,資拓宏宇,Unknown,未分類,manual_override,high
6625,必應,其他,未分類,manual_override,high
6641,基士德-KY,Unknown,未分類,manual_override,high
6655,科定,其他,未分類,manual_override,high
6670,復盛應用,Unknown,未分類,manual_override,high
6671,三能-KY,Unknown,未分類,manual_override,high
6689,伊雲谷,Unknown,未分類,manual_override,high
6754,匯僑設計,Unknown,未分類,manual_override,high
6768,志強-KY,Unknown,未分類,manual_override,high
6771,平和環保-創,Unknown,未分類,manual_override,high
6776,展碁國際,電子通路業,未分類,manual_override,high
6806,森崴能源,Unknown,未分類,manual_override,high
6807,峰源-KY,Unknown,未分類,manual_override,high
6873,泓德能源,Unknown,未分類,manual_override,high
6887,寶綠特-KY,Unknown,未分類,manual_override,high
6890,來億-KY,Unknown,未分類,manual_override,high
6901,鑽石投資,其他,未分類,manual_override,high
6902,GOGOLOOK,Unknown,未分類,manual_override,high
6906,現觀科,Unknown,未分類,manual_override,high
6914,阜爾運通,其他,未分類,manual_override,high
6923,中台,Unknown,未分類,manual_override,high
6944,兆聯實業,Unknown,未分類,manual_override,high
6951,青新-創,Unknown,未分類,manual_override,high
6952,大武山,其他,未分類,manual_override,high
6957,裕慶-KY,其他,未分類,manual_override,high
6958,日盛台駿,其他,未分類,manual_override,high
6965,中傑-KY,Unknown,未分類,manual_override,high
6969,成信實業*-創,Unknown,未分類,manual_override,high
6988,威力暘-創,汽車工業,未分類,manual_override,high
6994,富威電力,Unknown,未分類,manual_override,high
7610,聯友金屬-創,Unknown,未分類,manual_override,high
7721,微程式,Unknown,未分類,manual_override,high
7722,LINEPAY,Unknown,未分類,manual_override,high
7732,金興精密,汽車工業,未分類,manual_override,high
7736,虎山,汽車工業,未分類,manual_override,high
7740,熙特爾-創,Unknown,未分類,manual_override,high
7750,新代,電機機械,未分類,manual_override,high
7765,中華資安,Unknown,未分類,manual_override,high
7786,東方風能,Unknown,未分類,manual_override,high
7818,溢泰實業,Unknown,未分類,manual_override,high
7821,神數,汽車工業,未分類,manual_override,high
7823,奧義賽博-KY創,Unknown,未分類,manual_override,high
8033,雷虎,其他,未分類,manual_override,high
8070,長華*,電子通路業,未分類,manual_override,high
8072,陞泰,電子通路業,未分類,manual_override,high
8112,至上,電子通路業,未分類,manual_override,high
8222,寶一,電機機械,未分類,manual_override,high
8341,日友,Unknown,未分類,manual_override,high
8374,羅昇,電機機械,未分類,manual_override,high
8404,百和興業-KY,其他,未分類,manual_override,high
8411,福貞-KY,其他,未分類,manual_override,high
8422,可寧衛*,Unknown,未分類,manual_override,high
8429,金麗-KY,貿易百貨,未分類,manual_override,high
8438,昶昕,Unknown,未分類,manual_override,high
8442,威宏-KY,其他,未分類,manual_override,high
8443,阿瘦,貿易百貨,未分類,manual_override,high
8462,柏文,Unknown,未分類,manual_override,high
8464,億豐,Unknown,未分類,manual_override,high
8466,美吉吉-KY,其他,未分類,manual_override,high
8467,波力-KY,Unknown,未分類,manual_override,high
8473,山林水,Unknown,未分類,manual_override,high
8476,台境*,Unknown,未分類,manual_override,high
8478,東哥遊艇,Unknown,未分類,manual_override,high
8481,政伸,其他,未分類,manual_override,high
8482,商億-KY,Unknown,未分類,manual_override,high
8487,愛爾達-創,Unknown,未分類,manual_override,high
8488,吉源-KY,其他,未分類,manual_override,high
8926,台汽電,油電燃氣,未分類,manual_override,high
8996,高力,電機機械,未分類,manual_override,high
9105,泰金寶-DR,Unknown,未分類,manual_override,high
9110,越南控-DR,Unknown,未分類,manual_override,high
9136,巨騰-DR,Unknown,未分類,manual_override,high
9802,鈺齊-KY,Unknown,未分類,manual_override,high
9902,台火,其他,未分類,manual_override,high
9904,寶成,Unknown,未分類,manual_override,high
9905,大華,其他,未分類,manual_override,high
9908,大台北,油電燃氣,未分類,manual_override,high
9910,豐泰,Unknown,未分類,manual_override,high
9911,櫻花,Unknown,未分類,manual_override,high
9914,美利達,Unknown,未分類,manual_override,high
9917,中保科,其他,未分類,manual_override,high
9918,欣天然,油電燃氣,未分類,manual_override,high
9919,康那香,其他,未分類,manual_override,high
9921,巨大,Unknown,未分類,manual_override,high
9924,福興,Unknown,未分類,manual_override,high
9925,新保,其他,未分類,manual_override,high
9926,新海,油電燃氣,未分類,manual_override,high
9927,泰銘,其他,未分類,manual_override,high
9928,中視,其他,未分類,manual_override,high
9929,秋雨,其他,未分類,manual_override,high
9930,中聯資源,Unknown,未分類,manual_override,high
9931,欣高,油電燃氣,未分類,manual_override,high
9933,中鼎,其他,未分類,manual_override,high
9934,成霖,Unknown,未分類,manual_override,high
9935,慶豐富,Unknown,未分類,manual_override,high
9937,全國,油電燃氣,未分類,manual_override,high
9938,百和,其他,未分類,manual_override,high
9939,宏全,其他,未分類,manual_override,high
9940,信義,其他,未分類,manual_override,high
9941,裕融,其他,未分類,manual_override,high
9942,茂順,其他,未分類,manual_override,high
9944,新麗,其他,未分類,manual_override,high
9955,佳龍,Unknown,未分類,manual_override,high
1101,台泥,水泥工業,水泥,manual_override,high
1102,亞泥,水泥工業,水泥,manual_override,high
1103,嘉泥,水泥工業,水泥,manual_override,high
1104,環泥,水泥工業,水泥,manual_override,high
1108,幸福,水泥工業,水泥,manual_override,high
1109,信大,水泥工業,水泥,manual_override,high
1110,東泥,水泥工業,水泥,manual_override,high
1707,葡萄王,生技醫療,生技醫療,manual_override,high
1720,生達,生技醫療,生技醫療,manual_override,high
1731,美吾華,生技醫療,生技醫療,manual_override,high
1733,五鼎,生技醫療,生技醫療,manual_override,high
1734,杏輝,生技醫療,生技醫療,manual_override,high
1752,南光,生技醫療,生技醫療,manual_override,high
1760,寶齡富錦,生技醫療,生技醫療,manual_override,high
1762,中化生,生技醫療,生技醫療,manual_override,high
1783,和康生,生技醫療,生技醫療,manual_override,high
1786,科妍,生技醫療,生技醫療,manual_override,high
1789,神隆,生技醫療,生技醫療,manual_override,high
1795,美時,生技醫療,生技醫療,manual_override,high
3164,景岳,生技醫療,生技醫療,manual_override,high
3705,永信,生技醫療,生技醫療,manual_override,high
3716,中化控股,生技醫療,生技醫療,manual_override,high
4104,佳醫,生技醫療,生技醫療,manual_override,high
4106,雃博,生技醫療,生技醫療,manual_override,high
4108,懷特,生技醫療,生技醫療,manual_override,high
4119,旭富,生技醫療,生技醫療,manual_override,high
4133,亞諾法,生技醫療,生技醫療,manual_override,high
4137,麗豐-KY,生技醫療,生技醫療,manual_override,high
4142,國光生,生技醫療,生技醫療,manual_override,high
4148,全宇生技-KY,生技醫療,生技醫療,manual_override,high
4155,訊映,生技醫療,生技醫療,manual_override,high
4164,承業醫,生技醫療,生技醫療,manual_override,high
4169,泰宗,生技醫療,生技醫療,manual_override,high
4178,永笙-KY,生技醫療,生技醫療,manual_override,high
4190,佐登-KY,生技醫療,生技醫療,manual_override,high
4195,基米-創,生技醫療,生技醫療,manual_override,high
4736,泰博,生技醫療,生技醫療,manual_override,high
4737,華廣,生技醫療,生技醫療,manual_override,high
4771,望隼,生技醫療,生技醫療,manual_override,high
6431,光麗-KY,生技醫療,生技醫療,manual_override,high
6446,藥華藥,生技醫療,生技醫療,manual_override,high
6472,保瑞,生技醫療,生技醫療,manual_override,high
6491,晶碩,生技醫療,生技醫療,manual_override,high
6534,正瀚-創,生技醫療,生技醫療,manual_override,high
6541,泰福-KY,生技醫療,生技醫療,manual_override,high
6550,北極星藥業-KY,生技醫療,生技醫療,manual_override,high
6589,台康生技,生技醫療,生技醫療,manual_override,high
6598,ABC-KY,生技醫療,生技醫療,manual_override,high
6645,金萬林-創,生技醫療,生技醫療,manual_override,high
6657,華安,生技醫療,生技醫療,manual_override,high
6666,羅麗芬-KY,生技醫療,生技醫療,manual_override,high
6782,視陽,生技醫療,生技醫療,manual_override,high
6794,向榮生技,生技醫療,生技醫療,manual_override,high
6796,晉弘,生技醫療,生技醫療,manual_override,high
6861,睿生光電,生技醫療,生技醫療,manual_override,high
6885,全福生技,生技醫療,生技醫療,manual_override,high
6918,愛派司,生技醫療,生技醫療,manual_override,high
6919,康霈*,生技醫療,生技醫療,manual_override,high
6931,青松健康,生技醫療,生技醫療,manual_override,high
6934,心誠鎂,生技醫療,生技醫療,manual_override,high
6936,永鴻生技,生技醫療,生技醫療,manual_override,high
6949,沛爾生醫-創,生技醫療,生技醫療,manual_override,high
6955,邦睿生技-創,生技醫療,生技醫療,manual_override,high
7780,大研生醫*,食品工業,生技醫療,manual_override,high
7799,禾榮科,生技醫療,生技醫療,manual_override,high
7803,雲象科技-創,生技醫療,生技醫療,manual_override,high
9103,美德醫療-DR,Unknown,生技醫療,manual_override,high
1402,遠東新,紡織纖維,紡織,manual_override,high
1409,新纖,紡織纖維,紡織,manual_override,high
1410,南染,紡織纖維,紡織,manual_override,high
1413,宏洲,紡織纖維,紡織,manual_override,high
1417,嘉裕,紡織纖維,紡織,manual_override,high
1418,東華,紡織纖維,紡織,manual_override,high
1419,新紡,紡織纖維,紡織,manual_override,high
1423,利華,紡織纖維,紡織,manual_override,high
1434,福懋,紡織纖維,紡織,manual_override,high
1440,南紡,紡織纖維,紡織,manual_override,high
1441,大東,紡織纖維,紡織,manual_override,high
1444,力麗,紡織纖維,紡織,manual_override,high
1445,大宇,紡織纖維,紡織,manual_override,high
1446,宏和,紡織纖維,紡織,manual_override,high
1447,力鵬,紡織纖維,紡織,manual_override,high
1449,佳和,紡織纖維,紡織,manual_override,high
1451,年興,紡織纖維,紡織,manual_override,high
1452,宏益,紡織纖維,紡織,manual_override,high
1454,台富,紡織纖維,紡織,manual_override,high
1455,集盛,紡織纖維,紡織,manual_override,high
1457,宜進,紡織纖維,紡織,manual_override,high
1459,聯發,紡織纖維,紡織,manual_override,high
1460,宏遠,紡織纖維,紡織,manual_override,high
1463,強盛新,紡織纖維,紡織,manual_override,high
1464,得力,紡織纖維,紡織,manual_override,high
1465,偉全,紡織纖維,紡織,manual_override,high
1466,聚隆,紡織纖維,紡織,manual_override,high
1467,南緯,紡織纖維,紡織,manual_override,high
1468,昶和,紡織纖維,紡織,manual_override,high
1470,大統新創,紡織纖維,紡織,manual_override,high
1473,台南,紡織纖維,紡織,manual_override,high
1474,弘裕,紡織纖維,紡織,manual_override,high
1475,業旺,紡織纖維,紡織,manual_override,high
1477,聚陽,紡織纖維,紡織,manual_override,high
4414,如興,紡織纖維,紡織,manual_override,high
4426,利勤,紡織纖維,紡織,manual_override,high
4438,廣越,紡織纖維,紡織,manual_override,high
4439,冠星-KY,紡織纖維,紡織,manual_override,high
4440,宜新實業,紡織纖維,紡織,manual_override,high
4441,振大環球,紡織纖維,紡織,manual_override,high
1316,上曜,建材營造,綠電/再生能源,manual_override,high
1337,再生-KY,塑膠工業,綠電/再生能源,manual_override,high
1529,樂事綠能,電機機械,綠電/再生能源,manual_override,high
2072,世紀風電,Unknown,綠電/再生能源,manual_override,high
3018,隆銘綠能,其他電子業,綠電/再生能源,manual_override,high
3576,聯合再生,光電業,綠電/再生能源,manual_override,high
6869,雲豹能源,Unknown,綠電/再生能源,manual_override,high
2314,台揚,通信網路業,網通,manual_override,high
2321,東訊,通信網路業,網通,manual_override,high
2332,友訊,通信網路業,網通,manual_override,high
2345,智邦,通信網路業,網通,manual_override,high
2412,中華電,通信網路業,網通,manual_override,high
2419,仲琦,通信網路業,網通,manual_override,high
2424,隴華,通信網路業,網通,manual_override,high
2439,美律,通信網路業,網通,manual_override,high
2444,兆勁,通信網路業,網通,manual_override,high
2450,神腦,通信網路業,網通,manual_override,high
2455,全新,通信網路業,網通,manual_override,high
2485,兆赫,通信網路業,網通,manual_override,high
2498,宏達電,通信網路業,網通,manual_override,high
3025,星通,通信網路業,網通,manual_override,high
3027,盛達,通信網路業,網通,manual_override,high
3045,台灣大,通信網路業,網通,manual_override,high
3047,訊舟,通信網路業,網通,manual_override,high
3062,建漢,通信網路業,網通,manual_override,high
3138,耀登,通信網路業,網通,manual_override,high
3311,閎暉,通信網路業,網通,manual_override,high
3380,明泰,通信網路業,網通,manual_override,high
3419,譁裕,通信網路業,網通,manual_override,high
3447,展達,通信網路業,網通,manual_override,high
3596,智易,通信網路業,網通,manual_override,high
3669,圓展,通信網路業,網通,manual_override,high
3694,海華,通信網路業,網通,manual_override,high
3704,合勤控,通信網路業,網通,manual_override,high
4904,遠傳,通信網路業,網通,manual_override,high
4906,正文,通信網路業,網通,manual_override,high
4977,眾達-KY,通信網路業,網通,manual_override,high
5388,中磊,通信網路業,網通,manual_override,high
6136,富爾特,通信網路業,網通,manual_override,high
6142,友勁,通信網路業,網通,manual_override,high
6152,百一,通信網路業,網通,manual_override,high
6216,居易,通信網路業,網通,manual_override,high
6285,啟碁,通信網路業,網通,manual_override,high
6416,瑞祺電通,通信網路業,網通,manual_override,high
6426,統新,通信網路業,網通,manual_override,high
6674,鋐寶科技,通信網路業,網通,manual_override,high
6792,詠業,通信網路業,網通,manual_override,high
6863,永道-KY,通信網路業,網通,manual_override,high
8011,台通,通信網路業,網通,manual_override,high
8045,達運光電,通信網路業,網通,manual_override,high
8101,華冠,通信網路業,網通,manual_override,high
2208,台船,航運業,航運,manual_override,high
2211,長榮鋼,鋼鐵工業,航運,manual_override,high
2603,長榮,航運業,航運,manual_override,high
2605,新興,航運業,航運,manual_override,high
2606,裕民,航運業,航運,manual_override,high
2607,榮運,航運業,航運,manual_override,high
2608,嘉里大榮,航運業,航運,manual_override,high
2609,陽明,航運業,航運,manual_override,high
2610,華航,航運業,航運,manual_override,high
2611,志信,航運業,航運,manual_override,high
2612,中航,航運業,航運,manual_override,high
2613,中櫃,航運業,航運,manual_override,high
2615,萬海,航運業,航運,manual_override,high
2617,台航,航運業,航運,manual_override,high
2618,長榮航,航運業,航運,manual_override,high
2630,亞航,航運業,航運,manual_override,high
2633,台灣高鐵,航運業,航運,manual_override,high
2634,漢翔,航運業,航運,manual_override,high
2636,台驊控股,航運業,航運,manual_override,high
2637,慧洋-KY,航運業,航運,manual_override,high
2642,宅配通,航運業,航運,manual_override,high
2645,長榮航太,航運業,航運,manual_override,high
2646,星宇航空,航運業,航運,manual_override,high
5608,四維航,航運業,航運,manual_override,high
6753,龍德造船,航運業,航運,manual_override,high
6757,台灣虎航,航運業,航運,manual_override,high
8367,建新國際,航運業,航運,manual_override,high
1471,首利,電子零組件,被動元件,manual_override,high
1582,信錦,電子零組件,被動元件,manual_override,high
2059,川湖,電子零組件,被動元件,manual_override,high
2328,廣宇,電子零組件,被動元件,manual_override,high
2355,敬鵬,電子零組件,被動元件,manual_override,high
2385,群光,電子零組件,被動元件,manual_override,high
2402,毅嘉,電子零組件,被動元件,manual_override,high
2413,環科,電子零組件,被動元件,manual_override,high
2415,錩新,電子零組件,被動元件,manual_override,high
2420,新巨,電子零組件,被動元件,manual_override,high
2428,興勤,電子零組件,被動元件,manual_override,high
2431,聯昌,電子零組件,被動元件,manual_override,high
2440,太空梭,電子零組件,被動元件,manual_override,high
2457,飛宏,電子零組件,被動元件,manual_override,high
2460,建通,電子零組件,被動元件,manual_override,high
2462,良得電,電子零組件,被動元件,manual_override,high
2467,志聖,電子零組件,被動元件,manual_override,high
2472,立隆電,電子零組件,被動元件,manual_override,high
2476,鉅祥,電子零組件,被動元件,manual_override,high
2478,大毅,電子零組件,被動元件,manual_override,high
2483,百容,電子零組件,被動元件,manual_override,high
2484,希華,電子零組件,被動元件,manual_override,high
2493,揚博,電子零組件,被動元件,manual_override,high
3003,健和興,電子零組件,被動元件,manual_override,high
3011,今皓,電子零組件,被動元件,manual_override,high
3021,鴻名,電子零組件,被動元件,manual_override,high
3023,信邦,電子零組件,被動元件,manual_override,high
3032,偉訓,電子零組件,被動元件,manual_override,high
3042,晶技,電子零組件,被動元件,manual_override,high
3058,立德,電子零組件,被動元件,manual_override,high
3090,日電貿,電子零組件,被動元件,manual_override,high
3092,鴻碩,電子零組件,被動元件,manual_override,high
3229,晟鈦,電子零組件,被動元件,manual_override,high
3296,勝德,電子零組件,被動元件,manual_override,high
3308,聯德,電子零組件,被動元件,manual_override,high
3321,同泰,電子零組件,被動元件,manual_override,high
3432,台端,電子零組件,被動元件,manual_override,high
3501,維熹,電子零組件,被動元件,manual_override,high
3533,嘉澤,電子零組件,被動元件,manual_override,high
3550,聯穎,電子零組件,被動元件,manual_override,high
3593,力銘,電子零組件,被動元件,manual_override,high
3605,宏致,電子零組件,被動元件,manual_override,high
3607,谷崧,電子零組件,被動元件,manual_override,high
3645,達邁,電子零組件,被動元件,manual_override,high
3679,新至陞,電子零組件,被動元件,manual_override,high
4545,銘鈺,電子零組件,被動元件,manual_override,high
4912,聯德控股-KY,電子零組件,被動元件,manual_override,high
4915,致伸,電子零組件,被動元件,manual_override,high
4927,泰鼎-KY,電子零組件,被動元件,manual_override,high
4943,康控-KY,電子零組件,被動元件,manual_override,high
4989,榮科,電子零組件,被動元件,manual_override,high
4999,鑫禾,電子零組件,被動元件,manual_override,high
5469,瀚宇博,電子零組件,被動元件,manual_override,high
6108,競國,電子零組件,被動元件,manual_override,high
6115,鎰勝,電子零組件,被動元件,manual_override,high
6133,金橋,電子零組件,被動元件,manual_override,high
6141,柏承,電子零組件,被動元件,manual_override,high
6153,嘉聯益,電子零組件,被動元件,manual_override,high
6155,鈞寶,電子零組件,被動元件,manual_override,high
6191,精成科,電子零組件,被動元件,manual_override,high
6197,佳必琪,電子零組件,被動元件,manual_override,high
6205,詮欣,電子零組件,被動元件,manual_override,high
6224,聚鼎,電子零組件,被動元件,manual_override,high
6269,台郡,電子零組件,被動元件,manual_override,high
6272,驊陞,電子零組件,被動元件,manual_override,high
6449,鈺邦,電子零組件,被動元件,manual_override,high
6715,嘉基,電子零組件,被動元件,manual_override,high
6781,AES-KY,電子零組件,被動元件,manual_override,high
6805,富世達,電子零組件,被動元件,manual_override,high
6834,天二科技,電子零組件,被動元件,manual_override,high
6835,圓裕,電子零組件,被動元件,manual_override,high
6862,三集瑞-KY,電子零組件,被動元件,manual_override,high
6924,榮惠-KY創,電子零組件,被動元件,manual_override,high
7788,松川精密,電子零組件,被動元件,manual_override,high
7795,長廣,電子零組件,被動元件,manual_override,high
8039,台虹,電子零組件,被動元件,manual_override,high
8046,南電,電子零組件,被動元件,manual_override,high
8103,瀚荃,電子零組件,被動元件,manual_override,high
8163,達方,電腦及週邊設備,被動元件,manual_override,high
8213,志超,電子零組件,被動元件,manual_override,high
8249,菱光,電子零組件,被動元件,manual_override,high
2701,萬企,觀光餐旅,觀光餐旅,manual_override,high
2702,華園,觀光餐旅,觀光餐旅,manual_override,high
2704,國賓,觀光餐旅,觀光餐旅,manual_override,high
2705,六福,觀光餐旅,觀光餐旅,manual_override,high
2706,第一店,觀光餐旅,觀光餐旅,manual_override,high
2707,晶華,觀光餐旅,觀光餐旅,manual_override,high
2722,夏都,觀光餐旅,觀光餐旅,manual_override,high
2723,美食-KY,觀光餐旅,觀光餐旅,manual_override,high
2727,王品,觀光餐旅,觀光餐旅,manual_override,high
2731,雄獅,觀光餐旅,觀光餐旅,manual_override,high
2739,寒舍,觀光餐旅,觀光餐旅,manual_override,high
2748,雲品,觀光餐旅,觀光餐旅,manual_override,high
2753,八方雲集,觀光餐旅,觀光餐旅,manual_override,high
5706,鳳凰,觀光餐旅,觀光餐旅,manual_override,high
7705,三商餐飲,觀光餐旅,觀光餐旅,manual_override,high
7760,享溫馨,觀光餐旅,觀光餐旅,manual_override,high
8940,新天地,觀光餐旅,觀光餐旅,manual_override,high
9943,好樂迪,觀光餐旅,觀光餐旅,manual_override,high
2337,旺宏,半導體業,記憶體,manual_override,high
2344,華邦電,半導體業,記憶體,manual_override,high
2408,南亞科,半導體業,記憶體,manual_override,high
4967,十銓,半導體業,記憶體,manual_override,high
8271,宇瞻,半導體業,記憶體,manual_override,high
3376,新日興,電子零組件,車用電子,manual_override,high
2352,佳世達,電腦及週邊設備,連接器,manual_override,high
2354,鴻準,其他電子業,連接器,manual_override,high
2392,正崴,電子零組件,連接器,manual_override,high
2474,可成,其他電子業,連接器,manual_override,high
1503,士電,電機機械,重電,manual_override,high
1504,東元,電機機械,重電,manual_override,high
1513,中興電,電機機械,重電,manual_override,high
1514,亞力,電機機械,重電,manual_override,high
1519,華城,電機機械,重電,manual_override,high
1609,大亞,電器電纜,重電,manual_override,high
1618,合機,電器電纜,重電,manual_override,high
0050,元大台灣50,Unknown,金融,manual_override,high
0051,元大中型100,Unknown,金融,manual_override,high
0052,富邦科技,Unknown,金融,manual_override,high
0053,元大電子,Unknown,金融,manual_override,high
0055,元大MSCI金融,Unknown,金融,manual_override,high
0056,元大高股息,Unknown,金融,manual_override,high
0057,富邦摩台,Unknown,金融,manual_override,high
0061,元大寶滬深,Unknown,金融,manual_override,high
1907,永豐餘,造紙工業,金融,manual_override,high
2801,彰銀,金融保險,金融,manual_override,high
2812,台中銀,金融保險,金融,manual_override,high
2816,旺旺保,金融保險,金融,manual_override,high
2820,華票,金融保險,金融,manual_override,high
2832,台產,金融保險,金融,manual_override,high
2834,臺企銀,金融保險,金融,manual_override,high
2836,高雄銀,金融保險,金融,manual_override,high
2838,聯邦銀,金融保險,金融,manual_override,high
2845,遠東銀,金融保險,金融,manual_override,high
2849,安泰銀,金融保險,金融,manual_override,high
2850,新產,金融保險,金融,manual_override,high
2851,中再保,金融保險,金融,manual_override,high
2852,第一保,金融保險,金融,manual_override,high
2867,三商壽,金融保險,金融,manual_override,high
2880,華南金,金融保險,金融,manual_override,high
2881,富邦金,金融保險,金融,manual_override,high
2882,國泰金,金融保險,金融,manual_override,high
2883,凱基金,金融保險,金融,manual_override,high
2884,玉山金,金融保險,金融,manual_override,high
2885,元大金,金融保險,金融,manual_override,high
2886,兆豐金,金融保險,金融,manual_override,high
2887,台新新光金,金融保險,金融,manual_override,high
2889,國票金,金融保險,金融,manual_override,high
2890,永豐金,金融保險,金融,manual_override,high
2891,中信金,金融保險,金融,manual_override,high
2892,第一金,金融保險,金融,manual_override,high
2897,王道銀行,金融保險,金融,manual_override,high
5876,上海商銀,金融保險,金融,manual_override,high
5880,合庫金,金融保險,金融,manual_override,high
6005,群益證,金融保險,金融,manual_override,high
6024,群益期,金融保險,金融,manual_override,high
6790,永豐實,造紙工業,金融,manual_override,high
6838,台新藥,生技醫療,金融,manual_override,high
8454,富邦媒,Unknown,金融,manual_override,high
1414,東和,紡織纖維,鋼鐵,manual_override,high
2002,中鋼,鋼鐵工業,鋼鐵,manual_override,high
2006,東和鋼鐵,鋼鐵工業,鋼鐵,manual_override,high
2007,燁興,鋼鐵工業,鋼鐵,manual_override,high
2008,高興昌,鋼鐵工業,鋼鐵,manual_override,high
2009,第一銅,鋼鐵工業,鋼鐵,manual_override,high
2010,春源,鋼鐵工業,鋼鐵,manual_override,high
2012,春雨,鋼鐵工業,鋼鐵,manual_override,high
2013,中鋼構,鋼鐵工業,鋼鐵,manual_override,high
2014,中鴻,鋼鐵工業,鋼鐵,manual_override,high
2015,豐興,鋼鐵工業,鋼鐵,manual_override,high
2017,官田鋼,鋼鐵工業,鋼鐵,manual_override,high
2020,美亞,鋼鐵工業,鋼鐵,manual_override,high
2022,聚亨,鋼鐵工業,鋼鐵,manual_override,high
2023,燁輝,鋼鐵工業,鋼鐵,manual_override,high
2024,志聯,鋼鐵工業,鋼鐵,manual_override,high
2025,千興,鋼鐵工業,鋼鐵,manual_override,high
2028,威致,鋼鐵工業,鋼鐵,manual_override,high
2029,盛餘,鋼鐵工業,鋼鐵,manual_override,high
2030,彰源,鋼鐵工業,鋼鐵,manual_override,high
2031,新光鋼,鋼鐵工業,鋼鐵,manual_override,high
2032,新鋼,鋼鐵工業,鋼鐵,manual_override,high
2033,佳大,鋼鐵工業,鋼鐵,manual_override,high
2034,允強,鋼鐵工業,鋼鐵,manual_override,high
2038,海光,鋼鐵工業,鋼鐵,manual_override,high
2069,運錩,鋼鐵工業,鋼鐵,manual_override,high
3004,豐達科,鋼鐵工業,鋼鐵,manual_override,high
5007,三星,鋼鐵工業,鋼鐵,manual_override,high
5538,東明-KY,鋼鐵工業,鋼鐵,manual_override,high
9958,世紀鋼,鋼鐵工業,鋼鐵,manual_override,high
1533,車王電,汽車工業,電動車,manual_override,high
2201,裕隆,汽車工業,電動車,manual_override,high
2207,和泰車,汽車工業,電動車,manual_override,high
2227,裕日車,汽車工業,電動車,manual_override,high
2231,為升,汽車工業,電動車,manual_override,high
2301,光寶科,電腦及週邊設備,電源供應器,manual_override,high
2308,台達電,電子零組件,電源供應器,manual_override,high
3015,全漢,電子零組件,電源供應器,manual_override,high
6282,康舒,電子零組件,電源供應器,manual_override,high
6412,群電,電子零組件,電源供應器,manual_override,high
2323,中環,光電業,面板,manual_override,high
2349,錸德,光電業,面板,manual_override,high
2374,佳能,光電業,面板,manual_override,high
2406,國碩,光電業,面板,manual_override,high
2409,友達,光電業,面板,manual_override,high
2426,鼎元,光電業,面板,manual_override,high
2429,銘旺科,光電業,面板,manual_override,high
2438,翔耀,光電業,面板,manual_override,high
2466,冠西電,光電業,面板,manual_override,high
2489,瑞軒,光電業,面板,manual_override,high
2491,吉祥全,光電業,面板,manual_override,high
3008,大立光,光電業,面板,manual_override,high
3019,亞光,光電業,面板,manual_override,high
3024,憶聲,光電業,面板,manual_override,high
3031,佰鴻,光電業,面板,manual_override,high
3038,全台,光電業,面板,manual_override,high
3049,精金,光電業,面板,manual_override,high
3050,鈺德,光電業,面板,manual_override,high
3051,力特,光電業,面板,manual_override,high
3059,華晶科,光電業,面板,manual_override,high
3149,正達,光電業,面板,manual_override,high
3168,眾福科,光電業,面板,manual_override,high
3356,奇偶,光電業,面板,manual_override,high
3406,玉晶光,光電業,面板,manual_override,high
3437,榮創,光電業,面板,manual_override,high
3481,群創,光電業,面板,manual_override,high
3504,揚明光,光電業,面板,manual_override,high
3535,晶彩科,光電業,面板,manual_override,high
3543,州巧,光電業,面板,manual_override,high
3563,牧德,光電業,面板,manual_override,high
3622,洋華,光電業,面板,manual_override,high
3673,TPK-KY,光電業,面板,manual_override,high
3714,富采,光電業,面板,manual_override,high
4934,太極,光電業,面板,manual_override,high
4935,茂林-KY,光電業,面板,manual_override,high
4942,嘉彰,光電業,面板,manual_override,high
4949,有成精密,光電業,面板,manual_override,high
4960,誠美材,光電業,面板,manual_override,high
4976,佳凌,光電業,面板,manual_override,high
5234,達興材料,光電業,面板,manual_override,high
5243,乙盛-KY,光電業,面板,manual_override,high
5244,弘凱,光電業,面板,manual_override,high
5484,慧友,光電業,面板,manual_override,high
6116,彩晶,光電業,面板,manual_override,high
6120,達運,光電業,面板,manual_override,high
6164,華興,光電業,面板,manual_override,high
6168,宏齊,光電業,面板,manual_override,high
6176,瑞儀,光電業,面板,manual_override,high
6209,今國光,光電業,面板,manual_override,high
6225,天瀚,光電業,面板,manual_override,high
6226,光鼎,光電業,面板,manual_override,high
6278,台表科,光電業,面板,manual_override,high
6405,悅城,光電業,面板,manual_override,high
6456,GIS-KY,光電業,面板,manual_override,high
6477,安集,光電業,面板,manual_override,high
6668,中揚光,光電業,面板,manual_override,high
6706,惠特,光電業,面板,manual_override,high
6742,澤米,光電業,面板,manual_override,high
6916,華凌,光電業,面板,manual_override,high
8104,錸寶,光電業,面板,manual_override,high
8105,凌巨,光電業,面板,manual_override,high
1201,味全,食品工業,食品,manual_override,high
1203,味王,食品工業,食品,manual_override,high
1210,大成,食品工業,食品,manual_override,high
1213,大飲,食品工業,食品,manual_override,high
1215,卜蜂,食品工業,食品,manual_override,high
1216,統一,食品工業,食品,manual_override,high
1217,愛之味,食品工業,食品,manual_override,high
1218,泰山,食品工業,食品,manual_override,high
1219,福壽,食品工業,食品,manual_override,high
1220,台榮,食品工業,食品,manual_override,high
1225,福懋油,食品工業,食品,manual_override,high
1227,佳格,食品工業,食品,manual_override,high
1229,聯華,食品工業,食品,manual_override,high
1231,聯華食,食品工業,食品,manual_override,high
1232,大統益,食品工業,食品,manual_override,high
1233,天仁,食品工業,食品,manual_override,high
1234,黑松,食品工業,食品,manual_override,high
1235,興泰,食品工業,食品,manual_override,high
1236,宏亞,食品工業,食品,manual_override,high
1256,鮮活果汁-KY,食品工業,食品,manual_override,high
1702,南僑,食品工業,食品,manual_override,high
1737,臺鹽,食品工業,食品,manual_override,high
2027,大成鋼,鋼鐵工業,食品,manual_override,high
2855,統一證,金融保險,食品,manual_override,high
2912,統一超,貿易百貨,食品,manual_override,high
3054,立萬利,食品工業,食品,manual_override,high
7791,皇家可口,食品工業,食品,manual_override,high
9907,統一實,其他,食品,manual_override,high
